record_id,tweet_id,categoria,label,source_record_count,all_assigned_categories,source_record_ids,category_conflict
fnxptbr-0001,1000008762776748033,política,fake,1,"[""política""]","[""fnxptbr-0001""]",False
fnxptbr-0002,979056787864383489,política,fake,1,"[""política""]","[""fnxptbr-0002""]",False
fnxptbr-0003,1293123987619356672,política,fake,1,"[""política""]","[""fnxptbr-0003""]",False
fnxptbr-0004,1029836675093078016,política,fake,1,"[""política""]","[""fnxptbr-0004""]",False
fnxptbr-0005,1532386348677709824,política,fake,1,"[""política""]","[""fnxptbr-0005""]",False
fnxptbr-0006,1042602160599523328,política,fake,1,"[""política""]","[""fnxptbr-0006""]",False
fnxptbr-0007,1044770606020009984,política,fake,1,"[""política""]","[""fnxptbr-0007""]",False
fnxptbr-0008,1047608248583573505,política,fake,1,"[""política""]","[""fnxptbr-0008""]",False
fnxptbr-0009,1055427879323009025,política,fake,1,"[""política""]","[""fnxptbr-0009""]",False
fnxptbr-0010,1056315078763577344,política,fake,1,"[""política""]","[""fnxptbr-0010""]",False
fnxptbr-0011,1059942049414369287,política,fake,1,"[""política""]","[""fnxptbr-0011""]",False
fnxptbr-0012,1038209526539927552,política,fake,1,"[""política""]","[""fnxptbr-0012""]",False
fnxptbr-0013,1147518712657960960,política,fake,1,"[""política""]","[""fnxptbr-0013""]",False
fnxptbr-0014,1080429571286155264,política,fake,1,"[""política""]","[""fnxptbr-0014""]",False
fnxptbr-0015,1081765178595835910,política,fake,1,"[""política""]","[""fnxptbr-0015""]",False
fnxptbr-0016,1366820525935362054,política,fake,1,"[""política""]","[""fnxptbr-0016""]",False
fnxptbr-0017,1495393972981846017,política,fake,1,"[""política""]","[""fnxptbr-0017""]",False
fnxptbr-0018,1098976481714364416,política,fake,1,"[""política""]","[""fnxptbr-0018""]",False
fnxptbr-0019,1105985865988362240,política,fake,1,"[""política""]","[""fnxptbr-0019""]",False
fnxptbr-0020,1578375319907487745,política,fake,1,"[""política""]","[""fnxptbr-0020""]",False
fnxptbr-0021,1126196068352446464,política,fake,1,"[""política""]","[""fnxptbr-0021""]",False
fnxptbr-0022,1194936725174394886,política,fake,1,"[""política""]","[""fnxptbr-0022""]",False
fnxptbr-0023,1443756013304356864,política,fake,1,"[""política""]","[""fnxptbr-0023""]",False
fnxptbr-0024,1135673714668920832,política,fake,1,"[""política""]","[""fnxptbr-0024""]",False
fnxptbr-0025,1254151388235542528,política,fake,1,"[""política""]","[""fnxptbr-0025""]",False
fnxptbr-0026,1004862842502307841,outros,fake,1,"[""outros""]","[""fnxptbr-0026""]",False
fnxptbr-0027,1158839224734486528,política,fake,1,"[""política""]","[""fnxptbr-0027""]",False
fnxptbr-0028,1126660215179550721,política,fake,1,"[""política""]","[""fnxptbr-0028""]",False
fnxptbr-0029,1171725657488973825,ambiente,fake,1,"[""ambiente""]","[""fnxptbr-0029""]",False
fnxptbr-0030,1178347056097824769,outros,fake,1,"[""outros""]","[""fnxptbr-0030""]",False
fnxptbr-0031,1179200547393548291,política,fake,1,"[""política""]","[""fnxptbr-0031""]",False
fnxptbr-0032,1181403866274914307,política,fake,1,"[""política""]","[""fnxptbr-0032""]",False
fnxptbr-0033,1182570412577824768,outros,fake,1,"[""outros""]","[""fnxptbr-0033""]",False
fnxptbr-0034,1472056086479970317,outros,fake,1,"[""outros""]","[""fnxptbr-0034""]",False
fnxptbr-0035,1189373762283683840,ambiente,fake,1,"[""ambiente""]","[""fnxptbr-0035""]",False
fnxptbr-0036,1197694093046034433,política,fake,1,"[""política""]","[""fnxptbr-0036""]",False
fnxptbr-0037,1204438388755042304,ambiente,fake,1,"[""ambiente""]","[""fnxptbr-0037""]",False
fnxptbr-0038,1379575140497952768,política,fake,1,"[""política""]","[""fnxptbr-0038""]",False
fnxptbr-0039,1260147690786209792,política,fake,1,"[""política""]","[""fnxptbr-0039""]",False
fnxptbr-0040,1200047440436617221,ambiente,fake,1,"[""ambiente""]","[""fnxptbr-0040""]",False
fnxptbr-0041,1226644979612819463,política,fake,1,"[""política""]","[""fnxptbr-0041""]",False
fnxptbr-0042,1234338182638034944,política,fake,1,"[""política""]","[""fnxptbr-0042""]",False
fnxptbr-0043,1237929556427837440,saúde,fake,1,"[""saúde""]","[""fnxptbr-0043""]",False
fnxptbr-0044,1239618559069884418,política,fake,1,"[""política""]","[""fnxptbr-0044""]",False
fnxptbr-0045,1244586612358602754,política,fake,1,"[""política""]","[""fnxptbr-0045""]",False
fnxptbr-0046,1242859340840800257,política,fake,1,"[""política""]","[""fnxptbr-0046""]",False
fnxptbr-0047,1245079417933742081,saúde,fake,1,"[""saúde""]","[""fnxptbr-0047""]",False
fnxptbr-0048,1247256039088697344,saúde,fake,1,"[""saúde""]","[""fnxptbr-0048""]",False
fnxptbr-0049,1377729454059978759,saúde,fake,1,"[""saúde""]","[""fnxptbr-0049""]",False
fnxptbr-0050,1249525607689531392,saúde,fake,1,"[""saúde""]","[""fnxptbr-0050""]",False
fnxptbr-0051,1250611372020371456,política,fake,1,"[""política""]","[""fnxptbr-0051""]",False
fnxptbr-0052,1252995394939781120,saúde,fake,1,"[""saúde""]","[""fnxptbr-0052""]",False
fnxptbr-0053,1253226695181680640,saúde,fake,1,"[""saúde""]","[""fnxptbr-0053""]",False
fnxptbr-0054,1252670239940190209,saúde,fake,1,"[""saúde""]","[""fnxptbr-0054""]",False
fnxptbr-0055,1449248180365893637,saúde,fake,1,"[""saúde""]","[""fnxptbr-0055""]",False
fnxptbr-0056,1258520500700983296,saúde,fake,1,"[""saúde""]","[""fnxptbr-0056""]",False
fnxptbr-0057,1249417025539248129,saúde,fake,1,"[""saúde""]","[""fnxptbr-0057""]",False
fnxptbr-0058,1261416145845796864,saúde,fake,1,"[""saúde""]","[""fnxptbr-0058""]",False
fnxptbr-0059,1265128345286709250,política,fake,1,"[""política""]","[""fnxptbr-0059""]",False
fnxptbr-0060,1267220518501056512,política,fake,1,"[""política""]","[""fnxptbr-0060""]",False
fnxptbr-0061,1765076444043190309,política,fake,1,"[""política""]","[""fnxptbr-0061""]",False
fnxptbr-0062,1267942051376697345,política,fake,1,"[""política""]","[""fnxptbr-0062""]",False
fnxptbr-0063,1256390443685871616,política,fake,1,"[""política""]","[""fnxptbr-0063""]",False
fnxptbr-0064,1423698715471134727,política,fake,1,"[""política""]","[""fnxptbr-0064""]",False
fnxptbr-0065,1276083908099047424,política,fake,1,"[""política""]","[""fnxptbr-0065""]",False
fnxptbr-0066,1366077951524171785,política,fake,1,"[""política""]","[""fnxptbr-0066""]",False
fnxptbr-0067,1279986689579114496,saúde,fake,1,"[""saúde""]","[""fnxptbr-0067""]",False
fnxptbr-0068,1278726363818704898,política,fake,1,"[""política""]","[""fnxptbr-0068""]",False
fnxptbr-0069,1287861057508212736,outros,fake,1,"[""outros""]","[""fnxptbr-0069""]",False
fnxptbr-0070,1287691285176946688,saúde,fake,1,"[""saúde""]","[""fnxptbr-0070""]",False
fnxptbr-0071,1287767047863242752,celebridades,fake,1,"[""celebridades""]","[""fnxptbr-0071""]",False
fnxptbr-0072,1292239076414959618,saúde,fake,1,"[""saúde""]","[""fnxptbr-0072""]",False
fnxptbr-0073,1292923460868542468,política,fake,1,"[""política""]","[""fnxptbr-0073""]",False
fnxptbr-0074,1294759463228977157,saúde,fake,1,"[""saúde""]","[""fnxptbr-0074""]",False
fnxptbr-0075,1293195383934525440,saúde,fake,1,"[""saúde""]","[""fnxptbr-0075""]",False
fnxptbr-0076,1295143440980873223,saúde,fake,1,"[""saúde""]","[""fnxptbr-0076""]",False
fnxptbr-0077,1269730973547212803,saúde,fake,1,"[""saúde""]","[""fnxptbr-0077""]",False
fnxptbr-0078,1296596698240712704,saúde,fake,1,"[""saúde""]","[""fnxptbr-0078""]",False
fnxptbr-0079,1444776060294516737,política,fake,1,"[""política""]","[""fnxptbr-0079""]",False
fnxptbr-0080,1339408650062999552,saúde,fake,1,"[""saúde""]","[""fnxptbr-0080""]",False
fnxptbr-0081,1306603857317855232,saúde,fake,1,"[""saúde""]","[""fnxptbr-0081""]",False
fnxptbr-0082,1426258912022519809,economia,fake,1,"[""economia""]","[""fnxptbr-0082""]",False
fnxptbr-0083,1305594554490462208,política,fake,1,"[""política""]","[""fnxptbr-0083""]",False
fnxptbr-0084,1308710233599025153,política,fake,1,"[""política""]","[""fnxptbr-0084""]",False
fnxptbr-0085,1310299640458285057,outros,fake,1,"[""outros""]","[""fnxptbr-0085""]",False
fnxptbr-0086,1309870492174745601,ambiente,fake,1,"[""ambiente""]","[""fnxptbr-0086""]",False
fnxptbr-0087,1559926178701627392,política,fake,1,"[""política""]","[""fnxptbr-0087""]",False
fnxptbr-0088,1309084033721208836,saúde,fake,1,"[""saúde""]","[""fnxptbr-0088""]",False
fnxptbr-0089,1308025950324613125,política,fake,1,"[""política""]","[""fnxptbr-0089""]",False
fnxptbr-0090,1465457240941502464,saúde,fake,1,"[""saúde""]","[""fnxptbr-0090""]",False
fnxptbr-0091,1260598876685438976,outros,fake,1,"[""outros""]","[""fnxptbr-0091""]",False
fnxptbr-0092,1316782584815325184,política,fake,1,"[""política""]","[""fnxptbr-0092""]",False
fnxptbr-0093,1318710146596524032,política,fake,1,"[""política""]","[""fnxptbr-0093""]",False
fnxptbr-0094,1315696847822958592,política,fake,1,"[""política""]","[""fnxptbr-0094""]",False
fnxptbr-0095,1318649483622842371,política,fake,1,"[""política""]","[""fnxptbr-0095""]",False
fnxptbr-0096,1319061671214780420,política,fake,1,"[""política""]","[""fnxptbr-0096""]",False
fnxptbr-0097,1319737939568492548,saúde,fake,1,"[""saúde""]","[""fnxptbr-0097""]",False
fnxptbr-0098,1319738213880287232,saúde,fake,1,"[""saúde""]","[""fnxptbr-0098""]",False
fnxptbr-0099,1154102383628247040,política,fake,1,"[""política""]","[""fnxptbr-0099""]",False
fnxptbr-0100,1317302038280228865,celebridades,fake,1,"[""celebridades""]","[""fnxptbr-0100""]",False
fnxptbr-0101,1580295880963289088,política,fake,1,"[""política""]","[""fnxptbr-0101""]",False
fnxptbr-0102,1459177528925601794,política,fake,1,"[""política""]","[""fnxptbr-0102""]",False
fnxptbr-0103,1474889674552487946,política,fake,1,"[""política""]","[""fnxptbr-0103""]",False
fnxptbr-0104,1503429350372384777,política,fake,1,"[""política""]","[""fnxptbr-0104""]",False
fnxptbr-0105,1319001340455145473,saúde,fake,1,"[""saúde""]","[""fnxptbr-0105""]",False
fnxptbr-0106,1328498044678049797,política,fake,1,"[""política""]","[""fnxptbr-0106""]",False
fnxptbr-0107,1332351623549640705,política,fake,1,"[""política""]","[""fnxptbr-0107""]",False
fnxptbr-0108,1441425858518913030,saúde,fake,1,"[""saúde""]","[""fnxptbr-0108""]",False
fnxptbr-0109,1416191845785350151,política,fake,1,"[""política""]","[""fnxptbr-0109""]",False
fnxptbr-0110,1607348429667155968,saúde,fake,1,"[""saúde""]","[""fnxptbr-0110""]",False
fnxptbr-0111,1449278795463204866,saúde,fake,1,"[""saúde""]","[""fnxptbr-0111""]",False
fnxptbr-0112,1326521227494748160,saúde,fake,1,"[""saúde""]","[""fnxptbr-0112""]",False
fnxptbr-0113,1347693184000909315,saúde,fake,1,"[""saúde""]","[""fnxptbr-0113""]",False
fnxptbr-0114,1339261187511422983,saúde,fake,1,"[""saúde""]","[""fnxptbr-0114""]",False
fnxptbr-0115,1340863040904978433,saúde,fake,1,"[""saúde""]","[""fnxptbr-0115""]",False
fnxptbr-0116,1344971981238710272,saúde,fake,1,"[""saúde""]","[""fnxptbr-0116""]",False
fnxptbr-0117,1351140744178884609,saúde,fake,1,"[""saúde""]","[""fnxptbr-0117""]",False
fnxptbr-0118,1351635497832108032,saúde,fake,1,"[""saúde""]","[""fnxptbr-0118""]",False
fnxptbr-0119,1357324759852285954,outros,fake,1,"[""outros""]","[""fnxptbr-0119""]",False
fnxptbr-0120,1332119227688316928,saúde,fake,1,"[""saúde""]","[""fnxptbr-0120""]",False
fnxptbr-0121,1358004098012971008,política,fake,1,"[""política""]","[""fnxptbr-0121""]",False
fnxptbr-0122,1357901989863174144,saúde,fake,1,"[""saúde""]","[""fnxptbr-0122""]",False
fnxptbr-0123,1367305569011458051,saúde,fake,1,"[""saúde""]","[""fnxptbr-0123""]",False
fnxptbr-0124,1234410750485069825,política,fake,1,"[""política""]","[""fnxptbr-0124""]",False
fnxptbr-0125,1375086630957150212,política,fake,1,"[""política""]","[""fnxptbr-0125""]",False
fnxptbr-0126,1382019550150074373,política,fake,1,"[""política""]","[""fnxptbr-0126""]",False
fnxptbr-0127,1000519992281092098,política,fake,1,"[""política""]","[""fnxptbr-0127""]",False
fnxptbr-0128,1393911916624556033,política,fake,1,"[""política""]","[""fnxptbr-0128""]",False
fnxptbr-0129,1394271591089983489,política,fake,1,"[""política""]","[""fnxptbr-0129""]",False
fnxptbr-0130,1395410355665477648,política,fake,1,"[""política""]","[""fnxptbr-0130""]",False
fnxptbr-0131,1397283090561703941,política,fake,1,"[""política""]","[""fnxptbr-0131""]",False
fnxptbr-0132,1397007132298551298,política,fake,1,"[""política""]","[""fnxptbr-0132""]",False
fnxptbr-0133,1400622078169075715,saúde,fake,1,"[""saúde""]","[""fnxptbr-0133""]",False
fnxptbr-0134,1398011246587351048,saúde,fake,1,"[""saúde""]","[""fnxptbr-0134""]",False
fnxptbr-0135,1404605621203312642,saúde,fake,1,"[""saúde""]","[""fnxptbr-0135""]",False
fnxptbr-0136,1407631765645279235,saúde,fake,1,"[""saúde""]","[""fnxptbr-0136""]",False
fnxptbr-0137,1532037186782220290,política,fake,1,"[""política""]","[""fnxptbr-0137""]",False
fnxptbr-0138,1410932167014858754,política,fake,1,"[""política""]","[""fnxptbr-0138""]",False
fnxptbr-0139,1414550995607113728,política,fake,1,"[""política""]","[""fnxptbr-0139""]",False
fnxptbr-0140,1420693001521803270,saúde,fake,1,"[""saúde""]","[""fnxptbr-0140""]",False
fnxptbr-0141,1468013432997879812,saúde,fake,1,"[""saúde""]","[""fnxptbr-0141""]",False
fnxptbr-0142,1423579854193184772,política,fake,1,"[""política""]","[""fnxptbr-0142""]",False
fnxptbr-0143,1420031323071262725,política,fake,1,"[""política""]","[""fnxptbr-0143""]",False
fnxptbr-0144,1427213768870690828,política,fake,1,"[""política""]","[""fnxptbr-0144""]",False
fnxptbr-0145,1427366721405468680,política,fake,1,"[""política""]","[""fnxptbr-0145""]",False
fnxptbr-0146,1431704774613868549,política,fake,1,"[""política""]","[""fnxptbr-0146""]",False
fnxptbr-0147,1437444566051852297,política,fake,1,"[""política""]","[""fnxptbr-0147""]",False
fnxptbr-0148,1306031776335302656,política,fake,1,"[""política""]","[""fnxptbr-0148""]",False
fnxptbr-0149,1450445275307335685,política,fake,1,"[""política""]","[""fnxptbr-0149""]",False
fnxptbr-0150,1316545168569511936,saúde,fake,1,"[""saúde""]","[""fnxptbr-0150""]",False
fnxptbr-0151,1552376614717202432,política,fake,1,"[""política""]","[""fnxptbr-0151""]",False
fnxptbr-0152,1466845332931817480,política,fake,1,"[""política""]","[""fnxptbr-0152""]",False
fnxptbr-0153,1470810241608859648,política,fake,1,"[""política""]","[""fnxptbr-0153""]",False
fnxptbr-0154,1470818820109619206,política,fake,2,"[""política"", ""saúde""]","[""fnxptbr-0154"", ""fnxptbr-0155""]",True
fnxptbr-0156,1525146835677065217,política,fake,1,"[""política""]","[""fnxptbr-0156""]",False
fnxptbr-0157,1481221957601406977,política,fake,1,"[""política""]","[""fnxptbr-0157""]",False
fnxptbr-0158,1546542926859276291,saúde,fake,1,"[""saúde""]","[""fnxptbr-0158""]",False
fnxptbr-0159,1396896956497211398,saúde,fake,1,"[""saúde""]","[""fnxptbr-0159""]",False
fnxptbr-0160,1324186963986055169,política,fake,1,"[""política""]","[""fnxptbr-0160""]",False
fnxptbr-0161,1487166580513460224,política,fake,1,"[""política""]","[""fnxptbr-0161""]",False
fnxptbr-0162,1490777862059839488,política,fake,1,"[""política""]","[""fnxptbr-0162""]",False
fnxptbr-0163,1492227026832482306,política,fake,1,"[""política""]","[""fnxptbr-0163""]",False
fnxptbr-0164,1464117811056422941,saúde,fake,1,"[""saúde""]","[""fnxptbr-0164""]",False
fnxptbr-0165,1433251632440033287,política,fake,1,"[""política""]","[""fnxptbr-0165""]",False
fnxptbr-0166,1504492177237364741,política,fake,1,"[""política""]","[""fnxptbr-0166""]",False
fnxptbr-0167,1504798733367660544,política,fake,1,"[""política""]","[""fnxptbr-0167""]",False
fnxptbr-0168,1511642970327502854,outros,fake,1,"[""outros""]","[""fnxptbr-0168""]",False
fnxptbr-0169,1509585189458087939,política,fake,1,"[""política""]","[""fnxptbr-0169""]",False
fnxptbr-0170,1512723901410861057,outros,fake,1,"[""outros""]","[""fnxptbr-0170""]",False
fnxptbr-0171,1516094566998462473,política,fake,1,"[""política""]","[""fnxptbr-0171""]",False
fnxptbr-0172,1517955471461830657,política,fake,1,"[""política""]","[""fnxptbr-0172""]",False
fnxptbr-0173,1519509309041872898,política,fake,1,"[""política""]","[""fnxptbr-0173""]",False
fnxptbr-0174,1521467932617986050,política,fake,1,"[""política""]","[""fnxptbr-0174""]",False
fnxptbr-0175,1524352958523219968,outros,fake,1,"[""outros""]","[""fnxptbr-0175""]",False
fnxptbr-0176,1528378180360359936,outros,fake,1,"[""outros""]","[""fnxptbr-0176""]",False
fnxptbr-0177,1531181836671533059,política,fake,1,"[""política""]","[""fnxptbr-0177""]",False
fnxptbr-0178,1523117726889578496,política,fake,1,"[""política""]","[""fnxptbr-0178""]",False
fnxptbr-0179,1549204478192242688,política,fake,1,"[""política""]","[""fnxptbr-0179""]",False
fnxptbr-0180,1548132551058788353,política,fake,1,"[""política""]","[""fnxptbr-0180""]",False
fnxptbr-0181,1487489969681838080,política,fake,1,"[""política""]","[""fnxptbr-0181""]",False
fnxptbr-0182,1555131866101043201,política,fake,1,"[""política""]","[""fnxptbr-0182""]",False
fnxptbr-0183,1557689826543108096,política,fake,1,"[""política""]","[""fnxptbr-0183""]",False
fnxptbr-0184,1570228343592849408,política,fake,1,"[""política""]","[""fnxptbr-0184""]",False
fnxptbr-0185,1574202799570784256,política,fake,1,"[""política""]","[""fnxptbr-0185""]",False
fnxptbr-0186,1576540898292535297,política,fake,1,"[""política""]","[""fnxptbr-0186""]",False
fnxptbr-0187,1577421157351198721,política,fake,1,"[""política""]","[""fnxptbr-0187""]",False
fnxptbr-0188,1577302345913876480,política,fake,1,"[""política""]","[""fnxptbr-0188""]",False
fnxptbr-0189,1579424458103984129,política,fake,1,"[""política""]","[""fnxptbr-0189""]",False
fnxptbr-0190,1582603998791864321,política,fake,1,"[""política""]","[""fnxptbr-0190""]",False
fnxptbr-0191,1583981685024395264,política,fake,1,"[""política""]","[""fnxptbr-0191""]",False
fnxptbr-0192,1584988926451675136,política,fake,1,"[""política""]","[""fnxptbr-0192""]",False
fnxptbr-0193,1586840221643071494,política,fake,1,"[""política""]","[""fnxptbr-0193""]",False
fnxptbr-0194,1587156289569816577,política,fake,1,"[""política""]","[""fnxptbr-0194""]",False
fnxptbr-0195,1587411417501954049,política,fake,1,"[""política""]","[""fnxptbr-0195""]",False
fnxptbr-0196,1252273926807392257,política,fake,1,"[""política""]","[""fnxptbr-0196""]",False
fnxptbr-0197,1588000848331816960,política,fake,1,"[""política""]","[""fnxptbr-0197""]",False
fnxptbr-0198,1590370649817874434,política,fake,1,"[""política""]","[""fnxptbr-0198""]",False
fnxptbr-0199,1591564332810522625,política,fake,1,"[""política""]","[""fnxptbr-0199""]",False
fnxptbr-0200,1592640989902299136,saúde,fake,1,"[""saúde""]","[""fnxptbr-0200""]",False
fnxptbr-0201,1614271084177547266,política,fake,1,"[""política""]","[""fnxptbr-0201""]",False
fnxptbr-0202,1596891168641781763,política,fake,1,"[""política""]","[""fnxptbr-0202""]",False
fnxptbr-0203,1596139908061859842,política,fake,1,"[""política""]","[""fnxptbr-0203""]",False
fnxptbr-0204,1599822687790305280,outros,fake,1,"[""outros""]","[""fnxptbr-0204""]",False
fnxptbr-0205,1599859812199632896,política,fake,1,"[""política""]","[""fnxptbr-0205""]",False
fnxptbr-0206,1598454306876936211,política,fake,1,"[""política""]","[""fnxptbr-0206""]",False
fnxptbr-0207,1601747309565386752,saúde,fake,1,"[""saúde""]","[""fnxptbr-0207""]",False
fnxptbr-0208,1600411592713244674,política,fake,1,"[""política""]","[""fnxptbr-0208""]",False
fnxptbr-0209,1601014431999496192,política,fake,1,"[""política""]","[""fnxptbr-0209""]",False
fnxptbr-0210,1604638344444383232,política,fake,1,"[""política""]","[""fnxptbr-0210""]",False
fnxptbr-0211,1603148931055161345,outros,fake,1,"[""outros""]","[""fnxptbr-0211""]",False
fnxptbr-0212,1609603298885079040,política,fake,1,"[""política""]","[""fnxptbr-0212""]",False
fnxptbr-0213,1607116250135633928,política,fake,1,"[""política""]","[""fnxptbr-0213""]",False
fnxptbr-0214,1609900422860529664,política,fake,1,"[""política""]","[""fnxptbr-0214""]",False
fnxptbr-0215,1612303702613790720,política,fake,1,"[""política""]","[""fnxptbr-0215""]",False
fnxptbr-0216,1617213431647535105,saúde,fake,1,"[""saúde""]","[""fnxptbr-0216""]",False
fnxptbr-0217,1635927656444116994,política,fake,1,"[""política""]","[""fnxptbr-0217""]",False
fnxptbr-0218,1618739947426680832,política,fake,1,"[""política""]","[""fnxptbr-0218""]",False
fnxptbr-0219,1622266783158738946,saúde,fake,1,"[""saúde""]","[""fnxptbr-0219""]",False
fnxptbr-0220,1618675201524236288,saúde,fake,1,"[""saúde""]","[""fnxptbr-0220""]",False
fnxptbr-0221,1621806646296023041,política,fake,1,"[""política""]","[""fnxptbr-0221""]",False
fnxptbr-0222,1623015211622928390,política,fake,1,"[""política""]","[""fnxptbr-0222""]",False
fnxptbr-0223,1623542918228348933,política,fake,1,"[""política""]","[""fnxptbr-0223""]",False
fnxptbr-0224,1628781692784877570,outros,fake,1,"[""outros""]","[""fnxptbr-0224""]",False
fnxptbr-0225,1630045138041860096,política,fake,1,"[""política""]","[""fnxptbr-0225""]",False
fnxptbr-0226,1631973097250095104,saúde,fake,1,"[""saúde""]","[""fnxptbr-0226""]",False
fnxptbr-0227,1632206566777561089,política,fake,1,"[""política""]","[""fnxptbr-0227""]",False
fnxptbr-0228,1631625851186937857,política,fake,1,"[""política""]","[""fnxptbr-0228""]",False
fnxptbr-0229,1728455820558410198,política,fake,1,"[""política""]","[""fnxptbr-0229""]",False
fnxptbr-0230,1639596545484963840,política,fake,1,"[""política""]","[""fnxptbr-0230""]",False
fnxptbr-0231,1641853322972758048,política,fake,1,"[""política""]","[""fnxptbr-0231""]",False
fnxptbr-0232,1641739965980631042,saúde,fake,1,"[""saúde""]","[""fnxptbr-0232""]",False
fnxptbr-0233,1640530026612371458,política,fake,1,"[""política""]","[""fnxptbr-0233""]",False
fnxptbr-0234,1295124468004794370,política,fake,1,"[""política""]","[""fnxptbr-0234""]",False
fnxptbr-0235,1650348275763933187,política,fake,1,"[""política""]","[""fnxptbr-0235""]",False
fnxptbr-0236,1654560483205337088,política,fake,1,"[""política""]","[""fnxptbr-0236""]",False
fnxptbr-0237,1655529817884835841,política,fake,1,"[""política""]","[""fnxptbr-0237""]",False
fnxptbr-0238,1657865778094391298,saúde,fake,1,"[""saúde""]","[""fnxptbr-0238""]",False
fnxptbr-0239,1664398155650048000,política,fake,1,"[""política""]","[""fnxptbr-0239""]",False
fnxptbr-0240,1664817597123031040,política,fake,1,"[""política""]","[""fnxptbr-0240""]",False
fnxptbr-0241,1737493376608411751,saúde,fake,1,"[""saúde""]","[""fnxptbr-0241""]",False
fnxptbr-0242,1676615829478055936,ambiente,fake,1,"[""ambiente""]","[""fnxptbr-0242""]",False
fnxptbr-0243,1681122538447941632,saúde,fake,1,"[""saúde""]","[""fnxptbr-0243""]",False
fnxptbr-0244,1685837734735126528,celebridades,fake,1,"[""celebridades""]","[""fnxptbr-0244""]",False
fnxptbr-0245,1607714056097652736,política,fake,1,"[""política""]","[""fnxptbr-0245""]",False
fnxptbr-0246,1712431012204986732,política,fake,1,"[""política""]","[""fnxptbr-0246""]",False
fnxptbr-0247,1674577415190749187,política,fake,1,"[""política""]","[""fnxptbr-0247""]",False
fnxptbr-0248,1690081707502755841,política,fake,1,"[""política""]","[""fnxptbr-0248""]",False
fnxptbr-0249,1687462177119072256,ambiente,fake,1,"[""ambiente""]","[""fnxptbr-0249""]",False
fnxptbr-0250,1692356472263319574,política,fake,1,"[""política""]","[""fnxptbr-0250""]",False
fnxptbr-0251,1614351511319990280,política,fake,1,"[""política""]","[""fnxptbr-0251""]",False
fnxptbr-0252,1618060372686274560,política,fake,1,"[""política""]","[""fnxptbr-0252""]",False
fnxptbr-0253,1683972430799179778,política,fake,1,"[""política""]","[""fnxptbr-0253""]",False
fnxptbr-0254,1818287528270532960,política,fake,1,"[""política""]","[""fnxptbr-0254""]",False
fnxptbr-0255,1693581217663275013,saúde,fake,1,"[""saúde""]","[""fnxptbr-0255""]",False
fnxptbr-0256,1700853018235633746,política,fake,1,"[""política""]","[""fnxptbr-0256""]",False
fnxptbr-0257,1702337242499539325,política,fake,1,"[""política""]","[""fnxptbr-0257""]",False
fnxptbr-0258,1702077615131983942,ambiente,fake,1,"[""ambiente""]","[""fnxptbr-0258""]",False
fnxptbr-0259,1701730027421712393,política,fake,1,"[""política""]","[""fnxptbr-0259""]",False
fnxptbr-0260,1612835640294400001,política,fake,1,"[""política""]","[""fnxptbr-0260""]",False
fnxptbr-0261,1716830727776677909,política,fake,1,"[""política""]","[""fnxptbr-0261""]",False
fnxptbr-0262,1706680755382784333,política,fake,1,"[""política""]","[""fnxptbr-0262""]",False
fnxptbr-0263,1708983146048368650,saúde,fake,1,"[""saúde""]","[""fnxptbr-0263""]",False
fnxptbr-0264,1707835132218925116,saúde,fake,1,"[""saúde""]","[""fnxptbr-0264""]",False
fnxptbr-0265,1711325505281044621,política,fake,1,"[""política""]","[""fnxptbr-0265""]",False
fnxptbr-0266,1714384928094265434,política,fake,1,"[""política""]","[""fnxptbr-0266""]",False
fnxptbr-0267,1713184906400891242,política,fake,1,"[""política""]","[""fnxptbr-0267""]",False
fnxptbr-0268,1717940800665891173,celebridades,fake,1,"[""celebridades""]","[""fnxptbr-0268""]",False
fnxptbr-0269,1726584112079843825,política,fake,1,"[""política""]","[""fnxptbr-0269""]",False
fnxptbr-0270,1727392731704488051,ambiente,fake,1,"[""ambiente""]","[""fnxptbr-0270""]",False
fnxptbr-0271,1729443917429371089,política,fake,1,"[""política""]","[""fnxptbr-0271""]",False
fnxptbr-0272,1733999840130957566,política,fake,1,"[""política""]","[""fnxptbr-0272""]",False
fnxptbr-0273,1737103265203134767,política,fake,1,"[""política""]","[""fnxptbr-0273""]",False
fnxptbr-0274,1764991578811011421,política,fake,1,"[""política""]","[""fnxptbr-0274""]",False
fnxptbr-0275,1736777420475076917,política,fake,1,"[""política""]","[""fnxptbr-0275""]",False
fnxptbr-0276,1744399204376510475,política,fake,1,"[""política""]","[""fnxptbr-0276""]",False
fnxptbr-0277,1747552295582159017,saúde,fake,1,"[""saúde""]","[""fnxptbr-0277""]",False
fnxptbr-0278,1488248416606035973,política,fake,1,"[""política""]","[""fnxptbr-0278""]",False
fnxptbr-0279,1746864486193971446,política,fake,1,"[""política""]","[""fnxptbr-0279""]",False
fnxptbr-0280,1850698254947676447,política,fake,1,"[""política""]","[""fnxptbr-0280""]",False
fnxptbr-0281,1748977332331909417,saúde,fake,1,"[""saúde""]","[""fnxptbr-0281""]",False
fnxptbr-0282,1757865481971634653,política,fake,1,"[""política""]","[""fnxptbr-0282""]",False
fnxptbr-0283,1802983774860218468,política,fake,1,"[""política""]","[""fnxptbr-0283""]",False
fnxptbr-0284,1751744250390147278,ambiente,fake,1,"[""ambiente""]","[""fnxptbr-0284""]",False
fnxptbr-0285,1712967863693193531,política,fake,1,"[""política""]","[""fnxptbr-0285""]",False
fnxptbr-0286,1765495577096163484,outros,fake,1,"[""outros""]","[""fnxptbr-0286""]",False
fnxptbr-0287,1768409280137380280,política,fake,1,"[""política""]","[""fnxptbr-0287""]",False
fnxptbr-0288,1773029024379314628,política,fake,1,"[""política""]","[""fnxptbr-0288""]",False
fnxptbr-0289,1771362933362299044,política,fake,1,"[""política""]","[""fnxptbr-0289""]",False
fnxptbr-0290,1736121334260769277,saúde,fake,1,"[""saúde""]","[""fnxptbr-0290""]",False
fnxptbr-0291,1484692291843506177,saúde,fake,1,"[""saúde""]","[""fnxptbr-0291""]",False
fnxptbr-0292,1778154188725493826,outros,fake,1,"[""outros""]","[""fnxptbr-0292""]",False
fnxptbr-0293,1780588383812698374,política,fake,1,"[""política""]","[""fnxptbr-0293""]",False
fnxptbr-0294,1780325498150609245,política,fake,1,"[""política""]","[""fnxptbr-0294""]",False
fnxptbr-0295,1779546201911697729,saúde,fake,1,"[""saúde""]","[""fnxptbr-0295""]",False
fnxptbr-0296,1783220618227220519,política,fake,1,"[""política""]","[""fnxptbr-0296""]",False
fnxptbr-0297,1786498145750298993,política,fake,1,"[""política""]","[""fnxptbr-0297""]",False
fnxptbr-0298,1786895129585828029,saúde,fake,1,"[""saúde""]","[""fnxptbr-0298""]",False
fnxptbr-0299,1787162462418014558,outros,fake,1,"[""outros""]","[""fnxptbr-0299""]",False
fnxptbr-0300,1786525738369241500,política,fake,1,"[""política""]","[""fnxptbr-0300""]",False
fnxptbr-0301,1787272489036329286,política,fake,1,"[""política""]","[""fnxptbr-0301""]",False
fnxptbr-0302,1787518222859657623,política,fake,1,"[""política""]","[""fnxptbr-0302""]",False
fnxptbr-0303,1788242332875210775,ambiente,fake,1,"[""ambiente""]","[""fnxptbr-0303""]",False
fnxptbr-0304,1794384305810227430,política,fake,1,"[""política""]","[""fnxptbr-0304""]",False
fnxptbr-0305,1827117512246354340,política,fake,1,"[""política""]","[""fnxptbr-0305""]",False
fnxptbr-0306,1799889304723796145,política,fake,1,"[""política""]","[""fnxptbr-0306""]",False
fnxptbr-0307,1736222185516142829,política,fake,1,"[""política""]","[""fnxptbr-0307""]",False
fnxptbr-0308,1798345504335835238,política,fake,1,"[""política""]","[""fnxptbr-0308""]",False
fnxptbr-0309,1802115800095920437,política,fake,1,"[""política""]","[""fnxptbr-0309""]",False
fnxptbr-0310,1780217886956507163,outros,fake,1,"[""outros""]","[""fnxptbr-0310""]",False
fnxptbr-0311,1782846387245215952,outros,fake,1,"[""outros""]","[""fnxptbr-0311""]",False
fnxptbr-0312,1786045672296181783,saúde,fake,1,"[""saúde""]","[""fnxptbr-0312""]",False
fnxptbr-0313,1801437358329303233,política,fake,1,"[""política""]","[""fnxptbr-0313""]",False
fnxptbr-0314,1724863514659922379,economia,fake,1,"[""economia""]","[""fnxptbr-0314""]",False
fnxptbr-0315,1801618113110200427,política,fake,1,"[""política""]","[""fnxptbr-0315""]",False
fnxptbr-0316,1724863511551979794,economia,fake,1,"[""economia""]","[""fnxptbr-0316""]",False
fnxptbr-0317,1724162209255719129,economia,fake,1,"[""economia""]","[""fnxptbr-0317""]",False
fnxptbr-0318,1807823089238942077,política,fake,1,"[""política""]","[""fnxptbr-0318""]",False
fnxptbr-0319,1805754140347285938,política,fake,1,"[""política""]","[""fnxptbr-0319""]",False
fnxptbr-0320,1808677407852798371,política,fake,1,"[""política""]","[""fnxptbr-0320""]",False
fnxptbr-0321,1769719679918993725,política,fake,1,"[""política""]","[""fnxptbr-0321""]",False
fnxptbr-0322,1812317463129825310,política,fake,1,"[""política""]","[""fnxptbr-0322""]",False
fnxptbr-0323,1816464537878429735,outros,fake,1,"[""outros""]","[""fnxptbr-0323""]",False
fnxptbr-0324,1817781559019069459,política,fake,1,"[""política""]","[""fnxptbr-0324""]",False
fnxptbr-0325,1818616422789964247,política,fake,1,"[""política""]","[""fnxptbr-0325""]",False
fnxptbr-0326,1819403125100630431,política,fake,1,"[""política""]","[""fnxptbr-0326""]",False
fnxptbr-0327,1820083791114686828,política,fake,1,"[""política""]","[""fnxptbr-0327""]",False
fnxptbr-0328,1819549135806029907,política,fake,1,"[""política""]","[""fnxptbr-0328""]",False
fnxptbr-0329,1714601791122297057,política,fake,1,"[""política""]","[""fnxptbr-0329""]",False
fnxptbr-0330,1823418522354999754,política,fake,1,"[""política""]","[""fnxptbr-0330""]",False
fnxptbr-0331,993990834797281280,política,true,1,"[""política""]","[""fnxptbr-0331""]",False
fnxptbr-0332,1000056395880980480,política,true,1,"[""política""]","[""fnxptbr-0332""]",False
fnxptbr-0333,1037784236982501377,política,true,1,"[""política""]","[""fnxptbr-0333""]",False
fnxptbr-0334,1042433631354941443,política,true,1,"[""política""]","[""fnxptbr-0334""]",False
fnxptbr-0335,1042797000335478784,política,true,1,"[""política""]","[""fnxptbr-0335""]",False
fnxptbr-0336,1044701723816865792,política,true,1,"[""política""]","[""fnxptbr-0336""]",False
fnxptbr-0337,1045055570628288514,política,true,1,"[""política""]","[""fnxptbr-0337""]",False
fnxptbr-0338,1045401465567817730,política,true,1,"[""política""]","[""fnxptbr-0338""]",False
fnxptbr-0339,1062163422987591681,política,true,1,"[""política""]","[""fnxptbr-0339""]",False
fnxptbr-0340,1056947518221754369,política,true,1,"[""política""]","[""fnxptbr-0340""]",False
fnxptbr-0341,1060857394740297728,política,true,1,"[""política""]","[""fnxptbr-0341""]",False
fnxptbr-0342,1075454865042755586,política,true,1,"[""política""]","[""fnxptbr-0342""]",False
fnxptbr-0343,1086235914073001984,política,true,1,"[""política""]","[""fnxptbr-0343""]",False
fnxptbr-0344,1080427875721854977,política,true,1,"[""política""]","[""fnxptbr-0344""]",False
fnxptbr-0345,1075188863163920384,política,true,1,"[""política""]","[""fnxptbr-0345""]",False
fnxptbr-0346,1095319000526082048,política,true,1,"[""política""]","[""fnxptbr-0346""]",False
fnxptbr-0347,1101080457398153221,política,true,1,"[""política""]","[""fnxptbr-0347""]",False
fnxptbr-0348,1100103982779953152,política,true,1,"[""política""]","[""fnxptbr-0348""]",False
fnxptbr-0349,1116337816265474048,política,true,1,"[""política""]","[""fnxptbr-0349""]",False
fnxptbr-0350,1129144185561452546,política,true,1,"[""política""]","[""fnxptbr-0350""]",False
fnxptbr-0351,1137837611605733376,política,true,1,"[""política""]","[""fnxptbr-0351""]",False
fnxptbr-0352,1139320609387831296,política,true,1,"[""política""]","[""fnxptbr-0352""]",False
fnxptbr-0353,1141170637542764544,política,true,1,"[""política""]","[""fnxptbr-0353""]",False
fnxptbr-0354,1146471023572860929,política,true,1,"[""política""]","[""fnxptbr-0354""]",False
fnxptbr-0355,1150042600327352321,política,true,1,"[""política""]","[""fnxptbr-0355""]",False
fnxptbr-0356,1145145575714611200,outros,true,1,"[""outros""]","[""fnxptbr-0356""]",False
fnxptbr-0357,1136284440475394048,política,true,1,"[""política""]","[""fnxptbr-0357""]",False
fnxptbr-0358,1133382417517928458,política,true,1,"[""política""]","[""fnxptbr-0358""]",False
fnxptbr-0359,1182780441289465858,ambiente,true,1,"[""ambiente""]","[""fnxptbr-0359""]",False
fnxptbr-0360,1181146933877968896,outros,true,1,"[""outros""]","[""fnxptbr-0360""]",False
fnxptbr-0361,1171350163920773120,política,true,1,"[""política""]","[""fnxptbr-0361""]",False
fnxptbr-0362,1190793583047122944,política,true,1,"[""política""]","[""fnxptbr-0362""]",False
fnxptbr-0363,1181675923617275906,outros,true,1,"[""outros""]","[""fnxptbr-0363""]",False
fnxptbr-0364,1181614171219222529,outros,true,1,"[""outros""]","[""fnxptbr-0364""]",False
fnxptbr-0365,1186981361955037184,ambiente,true,1,"[""ambiente""]","[""fnxptbr-0365""]",False
fnxptbr-0366,1199335915027456000,política,true,1,"[""política""]","[""fnxptbr-0366""]",False
fnxptbr-0367,1204775175570575360,ambiente,true,1,"[""ambiente""]","[""fnxptbr-0367""]",False
fnxptbr-0368,1214644641758269440,política,true,1,"[""política""]","[""fnxptbr-0368""]",False
fnxptbr-0369,1220443404032794625,política,true,1,"[""política""]","[""fnxptbr-0369""]",False
fnxptbr-0370,1204747319679299585,ambiente,true,1,"[""ambiente""]","[""fnxptbr-0370""]",False
fnxptbr-0371,1225054927749296130,política,true,1,"[""política""]","[""fnxptbr-0371""]",False
fnxptbr-0372,1246486493813669888,política,true,1,"[""política""]","[""fnxptbr-0372""]",False
fnxptbr-0373,1249393045440782338,saúde,true,1,"[""saúde""]","[""fnxptbr-0373""]",False
fnxptbr-0374,1250890097773314048,política,true,1,"[""política""]","[""fnxptbr-0374""]",False
fnxptbr-0375,1234662367742480384,política,true,1,"[""política""]","[""fnxptbr-0375""]",False
fnxptbr-0376,1242411407192330240,política,true,1,"[""política""]","[""fnxptbr-0376""]",False
fnxptbr-0377,1249779193468145666,saúde,true,1,"[""saúde""]","[""fnxptbr-0377""]",False
fnxptbr-0378,1245455510842871809,saúde,true,1,"[""saúde""]","[""fnxptbr-0378""]",False
fnxptbr-0379,1241452460599894020,saúde,true,1,"[""saúde""]","[""fnxptbr-0379""]",False
fnxptbr-0380,1250774205785944066,saúde,true,1,"[""saúde""]","[""fnxptbr-0380""]",False
fnxptbr-0381,1261378692623634432,política,true,1,"[""política""]","[""fnxptbr-0381""]",False
fnxptbr-0382,1261426918877888512,saúde,true,1,"[""saúde""]","[""fnxptbr-0382""]",False
fnxptbr-0383,1259835241742598148,saúde,true,1,"[""saúde""]","[""fnxptbr-0383""]",False
fnxptbr-0384,1264211500912250881,saúde,true,1,"[""saúde""]","[""fnxptbr-0384""]",False
fnxptbr-0385,1261313241520779264,saúde,true,1,"[""saúde""]","[""fnxptbr-0385""]",False
fnxptbr-0386,1247610382694391814,saúde,true,1,"[""saúde""]","[""fnxptbr-0386""]",False
fnxptbr-0387,1255182220412817412,saúde,true,1,"[""saúde""]","[""fnxptbr-0387""]",False
fnxptbr-0388,1274766785078796288,saúde,true,1,"[""saúde""]","[""fnxptbr-0388""]",False
fnxptbr-0389,1272229608453218307,política,true,1,"[""política""]","[""fnxptbr-0389""]",False
fnxptbr-0390,1278081672123232256,política,true,1,"[""política""]","[""fnxptbr-0390""]",False
fnxptbr-0391,1272623905447043082,política,true,1,"[""política""]","[""fnxptbr-0391""]",False
fnxptbr-0392,1263058240335687680,política,true,1,"[""política""]","[""fnxptbr-0392""]",False
fnxptbr-0393,1271078327332241408,política,true,1,"[""política""]","[""fnxptbr-0393""]",False
fnxptbr-0394,1282934764643725313,política,true,1,"[""política""]","[""fnxptbr-0394""]",False
fnxptbr-0395,1272663533910720513,política,true,1,"[""política""]","[""fnxptbr-0395""]",False
fnxptbr-0396,1280534867856539649,política,true,1,"[""política""]","[""fnxptbr-0396""]",False
fnxptbr-0397,1286652248555171840,saúde,true,1,"[""saúde""]","[""fnxptbr-0397""]",False
fnxptbr-0398,1297165056732540928,política,true,1,"[""política""]","[""fnxptbr-0398""]",False
fnxptbr-0399,1290008218236628992,outros,true,1,"[""outros""]","[""fnxptbr-0399""]",False
fnxptbr-0400,1296945690162028548,saúde,true,1,"[""saúde""]","[""fnxptbr-0400""]",False
fnxptbr-0401,1283434095305986048,celebridades,true,1,"[""celebridades""]","[""fnxptbr-0401""]",False
fnxptbr-0402,1285209641471938560,saúde,true,1,"[""saúde""]","[""fnxptbr-0402""]",False
fnxptbr-0403,1295511712679038977,política,true,1,"[""política""]","[""fnxptbr-0403""]",False
fnxptbr-0404,1291175211274993670,saúde,true,1,"[""saúde""]","[""fnxptbr-0404""]",False
fnxptbr-0405,1305989671672066059,saúde,true,1,"[""saúde""]","[""fnxptbr-0405""]",False
fnxptbr-0406,1292830561807998976,saúde,true,1,"[""saúde""]","[""fnxptbr-0406""]",False
fnxptbr-0407,1294066405114085377,saúde,true,1,"[""saúde""]","[""fnxptbr-0407""]",False
fnxptbr-0408,1288455338010845184,saúde,true,1,"[""saúde""]","[""fnxptbr-0408""]",False
fnxptbr-0409,1299296364954779650,política,true,1,"[""política""]","[""fnxptbr-0409""]",False
fnxptbr-0410,1314321066412703745,saúde,true,1,"[""saúde""]","[""fnxptbr-0410""]",False
fnxptbr-0411,1301625714467364865,saúde,true,1,"[""saúde""]","[""fnxptbr-0411""]",False
fnxptbr-0412,1304078489792937984,economia,true,1,"[""economia""]","[""fnxptbr-0412""]",False
fnxptbr-0413,1314579464559439872,política,true,1,"[""política""]","[""fnxptbr-0413""]",False
fnxptbr-0414,1314307147681980417,política,true,1,"[""política""]","[""fnxptbr-0414""]",False
fnxptbr-0415,1320046244832706563,outros,true,1,"[""outros""]","[""fnxptbr-0415""]",False
fnxptbr-0416,1320807192216391687,ambiente,true,1,"[""ambiente""]","[""fnxptbr-0416""]",False
fnxptbr-0417,1305595358425251841,política,true,1,"[""política""]","[""fnxptbr-0417""]",False
fnxptbr-0418,1300853024886325248,saúde,true,1,"[""saúde""]","[""fnxptbr-0418""]",False
fnxptbr-0419,1317151492160225280,política,true,1,"[""política""]","[""fnxptbr-0419""]",False
fnxptbr-0420,1319694468694626307,saúde,true,1,"[""saúde""]","[""fnxptbr-0420""]",False
fnxptbr-0421,1313997096501096448,outros,true,1,"[""outros""]","[""fnxptbr-0421""]",False
fnxptbr-0422,1328429974152470529,política,true,1,"[""política""]","[""fnxptbr-0422""]",False
fnxptbr-0423,1327256515758190598,política,true,1,"[""política""]","[""fnxptbr-0423""]",False
fnxptbr-0424,1327194187083747328,política,true,1,"[""política""]","[""fnxptbr-0424""]",False
fnxptbr-0425,1314700398117167113,política,true,1,"[""política""]","[""fnxptbr-0425""]",False
fnxptbr-0426,1315078560374165505,política,true,1,"[""política""]","[""fnxptbr-0426""]",False
fnxptbr-0427,1329779387818942476,saúde,true,1,"[""saúde""]","[""fnxptbr-0427""]",False
fnxptbr-0428,1329787017484509185,saúde,true,1,"[""saúde""]","[""fnxptbr-0428""]",False
fnxptbr-0429,1332084881560645634,política,true,1,"[""política""]","[""fnxptbr-0429""]",False
fnxptbr-0430,1332658885925212163,celebridades,true,1,"[""celebridades""]","[""fnxptbr-0430""]",False
fnxptbr-0431,1333167974577037316,política,true,1,"[""política""]","[""fnxptbr-0431""]",False
fnxptbr-0432,1334552360601985024,política,true,1,"[""política""]","[""fnxptbr-0432""]",False
fnxptbr-0433,1328097753096974336,política,true,1,"[""política""]","[""fnxptbr-0433""]",False
fnxptbr-0434,1334052484541771776,política,true,1,"[""política""]","[""fnxptbr-0434""]",False
fnxptbr-0435,1318907090652585989,saúde,true,1,"[""saúde""]","[""fnxptbr-0435""]",False
fnxptbr-0436,1336341898005540869,política,true,1,"[""política""]","[""fnxptbr-0436""]",False
fnxptbr-0437,1329793144972587008,política,true,1,"[""política""]","[""fnxptbr-0437""]",False
fnxptbr-0438,1341845641157349377,saúde,true,1,"[""saúde""]","[""fnxptbr-0438""]",False
fnxptbr-0439,1535380440177348609,política,true,1,"[""política""]","[""fnxptbr-0439""]",False
fnxptbr-0440,1342512685238333440,saúde,true,1,"[""saúde""]","[""fnxptbr-0440""]",False
fnxptbr-0441,1335918281534869504,saúde,true,1,"[""saúde""]","[""fnxptbr-0441""]",False
fnxptbr-0442,1347318783728300037,saúde,true,1,"[""saúde""]","[""fnxptbr-0442""]",False
fnxptbr-0443,1349030954061492236,saúde,true,1,"[""saúde""]","[""fnxptbr-0443""]",False
fnxptbr-0444,1350119011120459776,saúde,true,1,"[""saúde""]","[""fnxptbr-0444""]",False
fnxptbr-0445,1351989516702257153,saúde,true,1,"[""saúde""]","[""fnxptbr-0445""]",False
fnxptbr-0446,1347528903150231552,saúde,true,1,"[""saúde""]","[""fnxptbr-0446""]",False
fnxptbr-0447,1350121216636542976,saúde,true,1,"[""saúde""]","[""fnxptbr-0447""]",False
fnxptbr-0448,1358528533354733568,saúde,true,1,"[""saúde""]","[""fnxptbr-0448""]",False
fnxptbr-0449,1368639549853827074,outros,true,1,"[""outros""]","[""fnxptbr-0449""]",False
fnxptbr-0450,1370168411020484608,saúde,true,1,"[""saúde""]","[""fnxptbr-0450""]",False
fnxptbr-0451,1365436979601629184,política,true,1,"[""política""]","[""fnxptbr-0451""]",False
fnxptbr-0452,1358864739967901699,saúde,true,1,"[""saúde""]","[""fnxptbr-0452""]",False
fnxptbr-0453,1364251211294265345,saúde,true,1,"[""saúde""]","[""fnxptbr-0453""]",False
fnxptbr-0454,1374485903561748485,política,true,1,"[""política""]","[""fnxptbr-0454""]",False
fnxptbr-0455,1384033082068520964,política,true,1,"[""política""]","[""fnxptbr-0455""]",False
fnxptbr-0456,1388229652494393349,política,true,1,"[""política""]","[""fnxptbr-0456""]",False
fnxptbr-0457,1399201632659947525,política,true,1,"[""política""]","[""fnxptbr-0457""]",False
fnxptbr-0458,1404918224995684358,política,true,1,"[""política""]","[""fnxptbr-0458""]",False
fnxptbr-0459,1393547096792444930,política,true,1,"[""política""]","[""fnxptbr-0459""]",False
fnxptbr-0460,1388158727455399936,política,true,1,"[""política""]","[""fnxptbr-0460""]",False
fnxptbr-0461,1399809571879849998,política,true,1,"[""política""]","[""fnxptbr-0461""]",False
fnxptbr-0462,1408285837259948034,política,true,1,"[""política""]","[""fnxptbr-0462""]",False
fnxptbr-0463,1399874645663391749,saúde,true,1,"[""saúde""]","[""fnxptbr-0463""]",False
fnxptbr-0464,1403351302202081298,saúde,true,1,"[""saúde""]","[""fnxptbr-0464""]",False
fnxptbr-0465,1374527625973010435,saúde,true,1,"[""saúde""]","[""fnxptbr-0465""]",False
fnxptbr-0466,1399037635302199299,saúde,true,1,"[""saúde""]","[""fnxptbr-0466""]",False
fnxptbr-0467,1422338978334785542,política,true,1,"[""política""]","[""fnxptbr-0467""]",False
fnxptbr-0468,1423022535705120775,política,true,1,"[""política""]","[""fnxptbr-0468""]",False
fnxptbr-0469,1419059818376073222,política,true,1,"[""política""]","[""fnxptbr-0469""]",False
fnxptbr-0470,1425275793744203777,saúde,true,1,"[""saúde""]","[""fnxptbr-0470""]",False
fnxptbr-0471,1426982086276259841,saúde,true,1,"[""saúde""]","[""fnxptbr-0471""]",False
fnxptbr-0472,1426614604340383749,política,true,1,"[""política""]","[""fnxptbr-0472""]",False
fnxptbr-0473,1436431786825949221,política,true,1,"[""política""]","[""fnxptbr-0473""]",False
fnxptbr-0474,1437060691484086282,política,true,1,"[""política""]","[""fnxptbr-0474""]",False
fnxptbr-0475,1436688571273031682,política,true,1,"[""política""]","[""fnxptbr-0475""]",False
fnxptbr-0476,1441151457894432768,política,true,1,"[""política""]","[""fnxptbr-0476""]",False
fnxptbr-0477,1446600045076287490,política,true,1,"[""política""]","[""fnxptbr-0477""]",False
fnxptbr-0478,1456374242681909250,política,true,1,"[""política""]","[""fnxptbr-0478""]",False
fnxptbr-0479,1461031380092026882,política,true,1,"[""política""]","[""fnxptbr-0479""]",False
fnxptbr-0480,1456394931531038722,saúde,true,1,"[""saúde""]","[""fnxptbr-0480""]",False
fnxptbr-0481,1458484724536647690,política,true,1,"[""política""]","[""fnxptbr-0481""]",False
fnxptbr-0482,1478677055550144514,política,true,1,"[""política""]","[""fnxptbr-0482""]",False
fnxptbr-0483,1478040611940884482,política,true,1,"[""política""]","[""fnxptbr-0483""]",False
fnxptbr-0484,1479166195471470597,saúde,true,1,"[""saúde""]","[""fnxptbr-0484""]",False
fnxptbr-0485,1463175513514692618,saúde,true,1,"[""saúde""]","[""fnxptbr-0485""]",False
fnxptbr-0486,1483257270343450625,política,true,1,"[""política""]","[""fnxptbr-0486""]",False
fnxptbr-0487,1475832538358861830,política,true,1,"[""política""]","[""fnxptbr-0487""]",False
fnxptbr-0488,1492203103390777347,saúde,true,1,"[""saúde""]","[""fnxptbr-0488""]",False
fnxptbr-0489,1479477528180015111,saúde,true,1,"[""saúde""]","[""fnxptbr-0489""]",False
fnxptbr-0490,1494855288742195200,política,true,1,"[""política""]","[""fnxptbr-0490""]",False
fnxptbr-0491,1488639886823411716,política,true,1,"[""política""]","[""fnxptbr-0491""]",False
fnxptbr-0492,1483939399603736578,política,true,1,"[""política""]","[""fnxptbr-0492""]",False
fnxptbr-0493,1502125437379567627,política,true,1,"[""política""]","[""fnxptbr-0493""]",False
fnxptbr-0494,1494114648026542080,saúde,true,1,"[""saúde""]","[""fnxptbr-0494""]",False
fnxptbr-0495,1503875691745579017,política,true,1,"[""política""]","[""fnxptbr-0495""]",False
fnxptbr-0496,1498394327118139399,política,true,1,"[""política""]","[""fnxptbr-0496""]",False
fnxptbr-0497,1508146846006493184,política,true,1,"[""política""]","[""fnxptbr-0497""]",False
fnxptbr-0498,1522253549228503040,outros,true,1,"[""outros""]","[""fnxptbr-0498""]",False
fnxptbr-0499,1521610358712160262,política,true,1,"[""política""]","[""fnxptbr-0499""]",False
fnxptbr-0500,1524290162498445315,outros,true,1,"[""outros""]","[""fnxptbr-0500""]",False
fnxptbr-0501,1523797483302047745,política,true,1,"[""política""]","[""fnxptbr-0501""]",False
fnxptbr-0502,1508130272092557312,política,true,1,"[""política""]","[""fnxptbr-0502""]",False
fnxptbr-0503,1531246798165225474,política,true,1,"[""política""]","[""fnxptbr-0503""]",False
fnxptbr-0504,1532401640694759425,política,true,1,"[""política""]","[""fnxptbr-0504""]",False
fnxptbr-0505,1529492190094934017,outros,true,1,"[""outros""]","[""fnxptbr-0505""]",False
fnxptbr-0506,1529851005520814080,outros,true,1,"[""outros""]","[""fnxptbr-0506""]",False
fnxptbr-0507,1535217897135558656,política,true,1,"[""política""]","[""fnxptbr-0507""]",False
fnxptbr-0508,1534607864471375872,política,true,1,"[""política""]","[""fnxptbr-0508""]",False
fnxptbr-0509,1544802179755671552,política,true,1,"[""política""]","[""fnxptbr-0509""]",False
fnxptbr-0510,1565103802918780928,política,true,1,"[""política""]","[""fnxptbr-0510""]",False
fnxptbr-0511,1545839981964451840,política,true,1,"[""política""]","[""fnxptbr-0511""]",False
fnxptbr-0512,1548631380145455104,política,true,1,"[""política""]","[""fnxptbr-0512""]",False
fnxptbr-0513,1562126167708209152,política,true,1,"[""política""]","[""fnxptbr-0513""]",False
fnxptbr-0514,1577846451262078976,política,true,1,"[""política""]","[""fnxptbr-0514""]",False
fnxptbr-0515,1564557880732389377,política,true,1,"[""política""]","[""fnxptbr-0515""]",False
fnxptbr-0516,1586648090144120832,política,true,1,"[""política""]","[""fnxptbr-0516""]",False
fnxptbr-0517,1586908672621436933,política,true,1,"[""política""]","[""fnxptbr-0517""]",False
fnxptbr-0518,1577271163100622853,política,true,1,"[""política""]","[""fnxptbr-0518""]",False
fnxptbr-0519,1587641707935457280,política,true,1,"[""política""]","[""fnxptbr-0519""]",False
fnxptbr-0520,1593711511343710209,política,true,1,"[""política""]","[""fnxptbr-0520""]",False
fnxptbr-0521,1590460586890231808,política,true,1,"[""política""]","[""fnxptbr-0521""]",False
fnxptbr-0522,1595571370632544256,política,true,1,"[""política""]","[""fnxptbr-0522""]",False
fnxptbr-0523,1597696309418684416,política,true,1,"[""política""]","[""fnxptbr-0523""]",False
fnxptbr-0524,1590797216914210816,política,true,1,"[""política""]","[""fnxptbr-0524""]",False
fnxptbr-0525,1597673965048434688,política,true,1,"[""política""]","[""fnxptbr-0525""]",False
fnxptbr-0526,1587492518450585601,política,true,1,"[""política""]","[""fnxptbr-0526""]",False
fnxptbr-0527,1597223140291416065,política,true,1,"[""política""]","[""fnxptbr-0527""]",False
fnxptbr-0528,1601217099267203073,política,true,1,"[""política""]","[""fnxptbr-0528""]",False
fnxptbr-0529,1587227731636494337,política,true,1,"[""política""]","[""fnxptbr-0529""]",False
fnxptbr-0530,1595210835739156481,saúde,true,1,"[""saúde""]","[""fnxptbr-0530""]",False
fnxptbr-0531,1590484522579415040,política,true,1,"[""política""]","[""fnxptbr-0531""]",False
fnxptbr-0532,1587257947968749568,política,true,1,"[""política""]","[""fnxptbr-0532""]",False
fnxptbr-0533,1589776419437293568,política,true,1,"[""política""]","[""fnxptbr-0533""]",False
fnxptbr-0534,1610376955425079297,outros,true,1,"[""outros""]","[""fnxptbr-0534""]",False
fnxptbr-0535,1595198374893985794,política,true,1,"[""política""]","[""fnxptbr-0535""]",False
fnxptbr-0536,1603924471253028866,política,true,1,"[""política""]","[""fnxptbr-0536""]",False
fnxptbr-0537,1599020048953507840,saúde,true,1,"[""saúde""]","[""fnxptbr-0537""]",False
fnxptbr-0538,1600577053694246913,política,true,1,"[""política""]","[""fnxptbr-0538""]",False
fnxptbr-0539,1607010612852457473,política,true,1,"[""política""]","[""fnxptbr-0539""]",False
fnxptbr-0540,1602358374619926530,política,true,1,"[""política""]","[""fnxptbr-0540""]",False
fnxptbr-0541,1604823412354027522,outros,true,1,"[""outros""]","[""fnxptbr-0541""]",False
fnxptbr-0542,1609947823612563461,política,true,1,"[""política""]","[""fnxptbr-0542""]",False
fnxptbr-0543,1607171684993273856,política,true,1,"[""política""]","[""fnxptbr-0543""]",False
fnxptbr-0544,1607698683407089664,política,true,1,"[""política""]","[""fnxptbr-0544""]",False
fnxptbr-0545,1623360046900908043,política,true,1,"[""política""]","[""fnxptbr-0545""]",False
fnxptbr-0546,1619606274030686209,saúde,true,1,"[""saúde""]","[""fnxptbr-0546""]",False
fnxptbr-0547,1622205516452691968,política,true,1,"[""política""]","[""fnxptbr-0547""]",False
fnxptbr-0548,1627647993867296768,política,true,1,"[""política""]","[""fnxptbr-0548""]",False
fnxptbr-0549,1618385488510947328,saúde,true,1,"[""saúde""]","[""fnxptbr-0549""]",False
fnxptbr-0550,1630020777759080448,saúde,true,1,"[""saúde""]","[""fnxptbr-0550""]",False
fnxptbr-0551,1612962662148894722,política,true,1,"[""política""]","[""fnxptbr-0551""]",False
fnxptbr-0552,1631263863898349569,política,true,1,"[""política""]","[""fnxptbr-0552""]",False
fnxptbr-0553,1630928035091283969,política,true,1,"[""política""]","[""fnxptbr-0553""]",False
fnxptbr-0554,1634647920749211652,outros,true,1,"[""outros""]","[""fnxptbr-0554""]",False
fnxptbr-0555,1627469168936161281,política,true,1,"[""política""]","[""fnxptbr-0555""]",False
fnxptbr-0556,1631763449582583811,saúde,true,1,"[""saúde""]","[""fnxptbr-0556""]",False
fnxptbr-0557,1643212263044653057,política,true,1,"[""política""]","[""fnxptbr-0557""]",False
fnxptbr-0558,1653871731012976640,política,true,1,"[""política""]","[""fnxptbr-0558""]",False
fnxptbr-0559,1652095483756544007,política,true,1,"[""política""]","[""fnxptbr-0559""]",False
fnxptbr-0560,1646294151284097025,política,true,1,"[""política""]","[""fnxptbr-0560""]",False
fnxptbr-0561,1653804769700454401,política,true,1,"[""política""]","[""fnxptbr-0561""]",False
fnxptbr-0562,1653856956271185920,saúde,true,1,"[""saúde""]","[""fnxptbr-0562""]",False
fnxptbr-0563,1638243122823024642,política,true,1,"[""política""]","[""fnxptbr-0563""]",False
fnxptbr-0564,1651234520257945614,política,true,1,"[""política""]","[""fnxptbr-0564""]",False
fnxptbr-0565,1651199450033930242,política,true,1,"[""política""]","[""fnxptbr-0565""]",False
fnxptbr-0566,1666943453815623717,política,true,1,"[""política""]","[""fnxptbr-0566""]",False
fnxptbr-0567,1658627304287875073,política,true,1,"[""política""]","[""fnxptbr-0567""]",False
fnxptbr-0568,1662053307727093762,saúde,true,1,"[""saúde""]","[""fnxptbr-0568""]",False
fnxptbr-0569,1676595567844028420,política,true,1,"[""política""]","[""fnxptbr-0569""]",False
fnxptbr-0570,1677059989746188289,política,true,1,"[""política""]","[""fnxptbr-0570""]",False
fnxptbr-0571,1670466598702809089,saúde,true,1,"[""saúde""]","[""fnxptbr-0571""]",False
fnxptbr-0572,1689435047391014913,ambiente,true,1,"[""ambiente""]","[""fnxptbr-0572""]",False
fnxptbr-0573,1692546861251354708,saúde,true,1,"[""saúde""]","[""fnxptbr-0573""]",False
fnxptbr-0574,1695189088066781387,celebridades,true,1,"[""celebridades""]","[""fnxptbr-0574""]",False
fnxptbr-0575,1692998500366131313,política,true,1,"[""política""]","[""fnxptbr-0575""]",False
fnxptbr-0576,1697196328520913303,política,true,1,"[""política""]","[""fnxptbr-0576""]",False
fnxptbr-0577,1697452440168116672,política,true,1,"[""política""]","[""fnxptbr-0577""]",False
fnxptbr-0578,1701987372768940174,política,true,1,"[""política""]","[""fnxptbr-0578""]",False
fnxptbr-0579,1699415348573872517,ambiente,true,1,"[""ambiente""]","[""fnxptbr-0579""]",False
fnxptbr-0580,1703117638161842504,política,true,1,"[""política""]","[""fnxptbr-0580""]",False
fnxptbr-0581,1703900262291607755,política,true,1,"[""política""]","[""fnxptbr-0581""]",False
fnxptbr-0582,1702364467072324051,política,true,1,"[""política""]","[""fnxptbr-0582""]",False
fnxptbr-0583,1691178419529064449,política,true,1,"[""política""]","[""fnxptbr-0583""]",False
fnxptbr-0584,1702369187279053140,política,true,1,"[""política""]","[""fnxptbr-0584""]",False
fnxptbr-0585,1695148997478883646,saúde,true,1,"[""saúde""]","[""fnxptbr-0585""]",False
fnxptbr-0586,1711425149440774372,política,true,1,"[""política""]","[""fnxptbr-0586""]",False
fnxptbr-0587,1712094102278267237,política,true,1,"[""política""]","[""fnxptbr-0587""]",False
fnxptbr-0588,1699612597442539670,ambiente,true,1,"[""ambiente""]","[""fnxptbr-0588""]",False
fnxptbr-0589,1702026272115740917,política,true,1,"[""política""]","[""fnxptbr-0589""]",False
fnxptbr-0590,1703835638116524362,política,true,1,"[""política""]","[""fnxptbr-0590""]",False
fnxptbr-0591,1714410239968129484,política,true,1,"[""política""]","[""fnxptbr-0591""]",False
fnxptbr-0592,1719415639289340095,política,true,1,"[""política""]","[""fnxptbr-0592""]",False
fnxptbr-0593,1720564338287620204,saúde,true,1,"[""saúde""]","[""fnxptbr-0593""]",False
fnxptbr-0594,1706703267814686779,saúde,true,1,"[""saúde""]","[""fnxptbr-0594""]",False
fnxptbr-0595,1719882018979225842,política,true,1,"[""política""]","[""fnxptbr-0595""]",False
fnxptbr-0596,1723804105754169563,política,true,1,"[""política""]","[""fnxptbr-0596""]",False
fnxptbr-0597,1724396769528746467,política,true,1,"[""política""]","[""fnxptbr-0597""]",False
fnxptbr-0598,1719104783980654766,celebridades,true,1,"[""celebridades""]","[""fnxptbr-0598""]",False
fnxptbr-0599,1734739268482826301,política,true,1,"[""política""]","[""fnxptbr-0599""]",False
fnxptbr-0600,1732102674135347434,ambiente,true,1,"[""ambiente""]","[""fnxptbr-0600""]",False
fnxptbr-0601,1731660459726479568,política,true,1,"[""política""]","[""fnxptbr-0601""]",False
fnxptbr-0602,1745392113401974824,política,true,1,"[""política""]","[""fnxptbr-0602""]",False
fnxptbr-0603,1733243847927361609,política,true,1,"[""política""]","[""fnxptbr-0603""]",False
fnxptbr-0604,1738165857656754668,política,true,1,"[""política""]","[""fnxptbr-0604""]",False
fnxptbr-0605,1746229528144273514,política,true,1,"[""política""]","[""fnxptbr-0605""]",False
fnxptbr-0606,1755285607469683169,política,true,1,"[""política""]","[""fnxptbr-0606""]",False
fnxptbr-0607,1752821881097343466,saúde,true,1,"[""saúde""]","[""fnxptbr-0607""]",False
fnxptbr-0608,1761882360293785891,política,true,1,"[""política""]","[""fnxptbr-0608""]",False
fnxptbr-0609,1751350916366680207,política,true,1,"[""política""]","[""fnxptbr-0609""]",False
fnxptbr-0610,1758592766907396286,política,true,1,"[""política""]","[""fnxptbr-0610""]",False
fnxptbr-0611,1758106647279399238,saúde,true,1,"[""saúde""]","[""fnxptbr-0611""]",False
fnxptbr-0612,1768401725956796731,política,true,1,"[""política""]","[""fnxptbr-0612""]",False
fnxptbr-0613,1770494359957278744,política,true,1,"[""política""]","[""fnxptbr-0613""]",False
fnxptbr-0614,1774543851765526866,ambiente,true,1,"[""ambiente""]","[""fnxptbr-0614""]",False
fnxptbr-0615,1774554670683377780,política,true,1,"[""política""]","[""fnxptbr-0615""]",False
fnxptbr-0616,1778572855992631495,outros,true,1,"[""outros""]","[""fnxptbr-0616""]",False
fnxptbr-0617,1778945763726311682,política,true,1,"[""política""]","[""fnxptbr-0617""]",False
fnxptbr-0618,1785798999007498748,política,true,1,"[""política""]","[""fnxptbr-0618""]",False
fnxptbr-0619,1786174616538378458,política,true,1,"[""política""]","[""fnxptbr-0619""]",False
fnxptbr-0620,1781426407513501995,saúde,true,1,"[""saúde""]","[""fnxptbr-0620""]",False
fnxptbr-0621,1777755005304320465,saúde,true,1,"[""saúde""]","[""fnxptbr-0621""]",False
fnxptbr-0622,1782948440541925855,outros,true,1,"[""outros""]","[""fnxptbr-0622""]",False
fnxptbr-0623,1790471775379140892,política,true,1,"[""política""]","[""fnxptbr-0623""]",False
fnxptbr-0624,1790117822271529470,política,true,1,"[""política""]","[""fnxptbr-0624""]",False
fnxptbr-0625,1788689680805896368,saúde,true,1,"[""saúde""]","[""fnxptbr-0625""]",False
fnxptbr-0626,1795935996501991731,política,true,1,"[""política""]","[""fnxptbr-0626""]",False
fnxptbr-0627,1796620178056266138,política,true,1,"[""política""]","[""fnxptbr-0627""]",False
fnxptbr-0628,1778605002124132590,saúde,true,1,"[""saúde""]","[""fnxptbr-0628""]",False
fnxptbr-0629,1792345564476330134,outros,true,1,"[""outros""]","[""fnxptbr-0629""]",False
fnxptbr-0630,1787569148861595981,política,true,1,"[""política""]","[""fnxptbr-0630""]",False
fnxptbr-0631,1798802493603754445,política,true,1,"[""política""]","[""fnxptbr-0631""]",False
fnxptbr-0632,1788940750530457730,política,true,1,"[""política""]","[""fnxptbr-0632""]",False
fnxptbr-0633,1802850056136995248,ambiente,true,1,"[""ambiente""]","[""fnxptbr-0633""]",False
fnxptbr-0634,1805680272454619519,política,true,1,"[""política""]","[""fnxptbr-0634""]",False
fnxptbr-0635,1808582971420533098,política,true,1,"[""política""]","[""fnxptbr-0635""]",False
fnxptbr-0636,1810787283550851386,política,true,1,"[""política""]","[""fnxptbr-0636""]",False
fnxptbr-0637,1808908638041559157,política,true,1,"[""política""]","[""fnxptbr-0637""]",False
fnxptbr-0638,1808972585675133295,política,true,1,"[""política""]","[""fnxptbr-0638""]",False
fnxptbr-0639,1813417222078947832,política,true,1,"[""política""]","[""fnxptbr-0639""]",False
fnxptbr-0640,1804490241497071791,outros,true,1,"[""outros""]","[""fnxptbr-0640""]",False
fnxptbr-0641,1804623275613462708,outros,true,1,"[""outros""]","[""fnxptbr-0641""]",False
fnxptbr-0642,1803433810861985967,saúde,true,1,"[""saúde""]","[""fnxptbr-0642""]",False
fnxptbr-0643,1814325509763010701,política,true,1,"[""política""]","[""fnxptbr-0643""]",False
fnxptbr-0644,1815409000378204440,economia,true,1,"[""economia""]","[""fnxptbr-0644""]",False
fnxptbr-0645,1816203013809398143,política,true,1,"[""política""]","[""fnxptbr-0645""]",False
fnxptbr-0646,1813991601016115384,economia,true,1,"[""economia""]","[""fnxptbr-0646""]",False
fnxptbr-0647,1806353224175149105,economia,true,1,"[""economia""]","[""fnxptbr-0647""]",False
fnxptbr-0648,1819492882962874746,política,true,1,"[""política""]","[""fnxptbr-0648""]",False
fnxptbr-0649,1806372732936065439,política,true,1,"[""política""]","[""fnxptbr-0649""]",False
fnxptbr-0650,1817902153358344562,política,true,1,"[""política""]","[""fnxptbr-0650""]",False
fnxptbr-0651,1817015073917009943,política,true,1,"[""política""]","[""fnxptbr-0651""]",False
fnxptbr-0652,1822454560062923054,política,true,1,"[""política""]","[""fnxptbr-0652""]",False
fnxptbr-0653,1824871439553421411,outros,true,1,"[""outros""]","[""fnxptbr-0653""]",False
fnxptbr-0654,1817930688718422021,política,true,1,"[""política""]","[""fnxptbr-0654""]",False
fnxptbr-0655,1818409499017044183,política,true,1,"[""política""]","[""fnxptbr-0655""]",False
fnxptbr-0656,1819394650685268327,outros,true,1,"[""outros""]","[""fnxptbr-0656""]",False
fnxptbr-0657,1823563532689936403,outros,true,1,"[""outros""]","[""fnxptbr-0657""]",False
fnxptbr-0658,1830927676535628185,política,true,1,"[""política""]","[""fnxptbr-0658""]",False
fnxptbr-0659,1832143212078911795,política,true,1,"[""política""]","[""fnxptbr-0659""]",False
fnxptbr-0660,1829265529733066898,política,true,1,"[""política""]","[""fnxptbr-0660""]",False
